name,datetime,tempmax,tempmin,temp,feelslikemax,feelslikemin,feelslike,dew,humidity,precip,precipprob,precipcover,preciptype,snow,snowdepth,windgust,windspeed,winddir,sealevelpressure,cloudcover,visibility,solarradiation,solarenergy,uvindex,severerisk,sunrise,sunset,moonphase,conditions,description,icon,stations
kittery,2024-06-10,24.3,12.3,18.2,24.3,12.3,18.2,11.5,66.8,0,0,0,,0,0,34.9,16.6,259.6,1001,46.6,16,307.8,26.6,10,,2024-06-10T05:03:18,2024-06-10T20:22:09,0.13,Partially cloudy,Becoming cloudy in the afternoon.,partly-cloudy-day,"99999954794,99999954795,E3593,72605504743,KPSM,KDAW,72605654791"
kittery,2024-06-11,21,12.5,17.1,21,12.5,17.1,12,73.1,0,0,0,,0,0,23,12.9,226,1011.5,51.5,16,295,25.4,9,,2024-06-11T05:03:10,2024-06-11T20:22:40,0.17,Partially cloudy,Partly cloudy throughout the day.,partly-cloudy-day,"99999954794,99999954795,E3593,72605504743,KPSM,KDAW,72605654791"
kittery,2024-06-12,22,15.1,18.5,22,15.1,18.5,15.2,81.3,0.976,100,16.67,rain,0,0,25.2,14.7,142.8,1014.8,83,15.8,225.6,19.4,9,,2024-06-12T05:03:04,2024-06-12T20:23:09,0.2,"Rain, Partially cloudy",Partly cloudy throughout the day with afternoon rain.,rain,"99999954794,99999954795,E3593,72605504743,KPSM,KDAW,72605654791"
kittery,2024-06-13,26.9,14.4,21.1,26.7,14.4,21,13.7,66.1,0,0,0,,0,0,41.4,16.7,211.1,1014,51.8,15.2,342.1,29.5,9,,2024-06-13T05:03:01,2024-06-13T20:23:37,0.23,Partially cloudy,Becoming cloudy in the afternoon.,partly-cloudy-day,"99999954794,99999954795,E3593,72605504743,KPSM,KDAW,72605654791"
kittery,2024-06-14,24.8,19.2,22.2,24.8,19.2,22.2,17.4,74.9,0.921,100,12.5,rain,0,0,36,13.3,213.1,1010,74.2,15.2,131.5,11.4,6,,2024-06-14T05:02:59,2024-06-14T20:24:03,0.25,"Rain, Partially cloudy",Partly cloudy throughout the day with rain in the morning and afternoon.,rain,"99999954794,99999954795,E3593,72605504743,KPSM,KDAW,72605654791"
kittery,2024-06-15,24.6,15.1,20.9,24.6,15.1,20.9,10.9,57.2,0.785,100,12.5,rain,0,0,37.1,23.9,314.5,1013.5,59.6,15.8,247,21.3,7,,2024-06-15T05:03:00,2024-06-15T20:24:26,0.29,"Rain, Partially cloudy",Clearing in the afternoon with early morning rain.,rain,"99999954794,99999954795,E3593,72605504743,KPSM,KDAW,72605654791"
kittery,2024-06-16,20.4,9.8,16.3,20.4,9.8,16.3,7.1,56.3,0,0,0,,0,0,30.2,16.8,131.5,1023.2,50.4,16,313.8,27.2,10,,2024-06-16T05:03:03,2024-06-16T20:24:48,0.33,Partially cloudy,Becoming cloudy in the afternoon.,partly-cloudy-day,"99999954794,99999954795,E3593,72605504743,KPSM,KDAW,72605654791"
kittery,2024-06-17,27.8,15.1,21.6,28.4,15.1,21.7,14.1,63.2,0,0,0,,0,0,40.7,17.3,192.6,1021,81.6,16,244.5,21.2,9,,2024-06-17T05:03:07,2024-06-17T20:25:08,0.36,Partially cloudy,Partly cloudy throughout the day.,partly-cloudy-day,"99999954794,99999954795,E3593,72605504743,KPSM,KDAW,72605654791"
kittery,2024-06-18,32.3,20.3,26.1,35.6,20.3,27.5,19.2,66.4,0,0,0,,0,0,33.8,16.5,184.5,1021.4,68.5,16,297.3,25.7,9,,2024-06-18T05:03:14,2024-06-18T20:25:26,0.39,Partially cloudy,Partly cloudy throughout the day.,partly-cloudy-day,"99999954794,99999954795,E3593,72605504743,KDAW,KPSM,72605654791"
kittery,2024-06-19,35.1,24,28.8,41.8,24,31.7,22.4,69.3,0,0,0,,0,0,34.6,13.5,231.8,1023.5,60.4,15.4,276.7,23.7,9,,2024-06-19T05:03:23,2024-06-19T20:25:42,0.42,Partially cloudy,Partly cloudy throughout the day.,partly-cloudy-day,"99999954794,99999954795,E3593,72605504743,KPSM,KDAW,72605654791"
kittery,2024-06-20,35.9,23,27.9,40.9,23,29.7,21.9,71.9,8.362,100,25,rain,0,0,38.9,19.5,255.4,1022.2,82.2,15.6,247.5,21.3,9,,2024-06-20T05:03:34,2024-06-20T20:25:56,0.46,"Rain, Partially cloudy",Partly cloudy throughout the day with rain.,rain,"99999954794,99999954795,E3593,72605504743,KPSM,KDAW,72605654791"
kittery,2024-06-21,26.3,19.5,22.9,26.3,19.5,22.9,17.8,75,0.79,100,16.67,rain,0,0,31.7,20.1,62.3,1021.7,88.6,13.5,255,22.1,9,,2024-06-21T05:03:48,2024-06-21T20:26:07,0.5,"Rain, Partially cloudy",Partly cloudy throughout the day with late afternoon rain.,rain,"99999954794,99999954795,E3593,72605504743,KPSM,KDAW,72605654791"
kittery,2024-06-22,19.1,16.5,17.8,19.1,16.5,17.8,15.3,85,0.875,100,16.67,rain,0,0,36.4,15.4,60.7,1018.3,100,12.5,109,9.4,7,,2024-06-22T05:04:03,2024-06-22T20:26:17,0.52,"Rain, Overcast",Cloudy skies throughout the day with rain.,rain,"99999954794,99999954795,E3593,72605504743,KPSM,KDAW,72605654791"
kittery,2024-06-23,26.6,16.4,20.4,26.6,16.4,20.4,18.4,88.9,6.183,100,33.33,rain,0,0,49.3,17.9,150.5,1006.6,97.6,7.2,98.5,8.6,6,,2024-06-23T05:04:20,2024-06-23T20:26:24,0.56,"Rain, Overcast",Cloudy skies throughout the day with rain.,rain,"99999954794,99999954795,E3593,72605504743,KPSM,KDAW,72605654791"
kittery,2024-06-24,26.3,18.7,24.1,26.3,18.7,24.1,17.2,66.8,3.148,100,16.67,rain,0,0,54,29.8,259.8,999,86.1,15.5,331.7,28.9,10,,2024-06-24T05:04:39,2024-06-24T20:26:30,0.59,"Rain, Partially cloudy",Partly cloudy throughout the day with late afternoon rain.,rain,"99999954794,99999954795,E3593,72605504743,KPSM,KDAW,72605654791"
kittery,2024-06-25,31.5,16.2,24.3,30.4,16.2,24.1,14.6,58.6,0.052,100,4.17,rain,0,0,37.1,17.1,283.7,1007.4,44.2,16,341,29.5,10,,2024-06-25T05:04:59,2024-06-25T20:26:33,0.63,"Rain, Partially cloudy",Partly cloudy throughout the day with early morning rain.,rain,"99999954794,99999954795,E3593,72605504743,KPSM,KDAW,72605654791"
kittery,2024-06-26,31.7,22.8,27.1,32.8,22.8,27.5,15.8,50.4,0,0,0,,0,0,41.4,21.7,232.6,1004.8,87.5,16,283,24.6,9,,2024-06-26T05:05:22,2024-06-26T20:26:34,0.67,Partially cloudy,Partly cloudy throughout the day.,partly-cloudy-day,"99999954794,99999954795,E3593,72605504743,KPSM,KDAW,72605654791"
kittery,2024-06-27,28.1,17.4,22.9,27.9,17.4,22.9,14.9,62.9,1.527,100,12.5,rain,0,0,61,30.3,271.9,1005,71.4,15.6,328,28.3,10,,2024-06-27T05:05:47,2024-06-27T20:26:33,0.7,"Rain, Partially cloudy",Partly cloudy throughout the day with rain.,rain,"99999954794,99999954795,E3593,72605504743,KPSM,KDAW,72605654791"
kittery,2024-06-28,23.3,13.4,18.4,23.3,13.4,18.4,6.3,46.6,0,0,0,,0,0,51.8,28.1,290.2,1018.3,25.2,16,350.6,30.2,10,,2024-06-28T05:06:13,2024-06-28T20:26:30,0.75,Partially cloudy,Partly cloudy throughout the day.,partly-cloudy-day,"99999954794,99999954795,E3593,72605504743,KPSM,KDAW,72605654791"
kittery,2024-06-29,20.8,15.7,18.2,20.8,15.7,18.2,13.1,73,1.12,100,25,rain,0,0,56.5,18.4,154.3,1021.3,97,14.4,94,8,5,,2024-06-29T05:06:42,2024-06-29T20:26:24,0.77,"Rain, Overcast",Cloudy skies throughout the day with late afternoon rain.,rain,"99999954794,99999954795,E3593,72605504743,KPSM,KDAW,72605654791"
kittery,2024-06-30,32.4,19.7,25.8,36.8,19.7,27.4,21.5,78.5,6.042,100,16.67,rain,0,0,49.3,17.1,219.6,1009.8,88.9,14.9,214.8,18.6,9,,2024-06-30T05:07:12,2024-06-30T20:26:16,0.81,"Rain, Partially cloudy",Partly cloudy throughout the day with rain.,rain,"99999954794,99999954795,E3593,72605504743,KPSM,KDAW,72605654791"
kittery,2024-07-01,27.2,18.3,23.1,27.1,18.3,23,14.7,62.2,0,0,0,,0,0,38.9,20.3,352.7,1014.3,62.7,16,299.8,25.9,10,,2024-07-01T05:07:43,2024-07-01T20:26:06,0.85,Partially cloudy,Becoming cloudy in the afternoon.,partly-cloudy-day,"99999954794,99999954795,E3593,72605504743,KPSM,KDAW,72605654791"
kittery,2024-07-02,27.8,16.7,22.5,27,16.7,22.3,10.1,48.1,0,0,0,,0,0,30.2,20,27.9,1022.4,26.4,16,341.6,29.4,9,,2024-07-02T05:08:17,2024-07-02T20:25:54,0.88,Partially cloudy,Becoming cloudy in the afternoon.,partly-cloudy-day,"99999954794,99999954795,E3593,72605504743,KDAW,KPSM,72605654791"
kittery,2024-07-03,28.8,14.5,22,28,14.5,21.8,12.5,58.4,0,0,0,,0,0,42.5,25.6,155.7,1021.2,60.5,16,335.9,29,9,,2024-07-03T05:08:51,2024-07-03T20:25:40,0.92,Partially cloudy,Partly cloudy throughout the day.,partly-cloudy-day,"99999954794,99999954795,E3593,72605504743,KPSM,KDAW,72605654791"
kittery,2024-07-04,29.5,17.8,23.7,31.7,17.8,24.2,16.5,64.6,0.083,100,4.17,rain,0,0,30.6,12.1,215.9,1012.9,79.2,16,224.5,19.5,9,,2024-07-04T05:09:28,2024-07-04T20:25:23,0.95,"Rain, Partially cloudy",Partly cloudy throughout the day with morning rain.,rain,"99999954794,99999954795,E3593,72605504743,KPSM,KDAW,72605654791"
kittery,2024-07-05,29.5,22.4,24.8,33.5,22.4,25.6,21.7,83.4,0.33,100,12.5,rain,0,0,29.9,16.7,160.8,1009.7,91.1,12,186.1,16.1,8,,2024-07-05T05:10:06,2024-07-05T20:25:05,0,"Rain, Overcast",Cloudy skies throughout the day with late afternoon rain.,rain,"99999954794,99999954795,E3593,72605504743,KPSM,KDAW,72605654791"
kittery,2024-07-06,32.5,22.9,26.7,37.8,22.9,28.6,22.9,80.9,0,0,0,,0,0,49.3,18.5,193.3,1009.8,85.7,12.1,208.2,17.9,8,,2024-07-06T05:10:46,2024-07-06T20:24:44,0.02,Partially cloudy,Partly cloudy throughout the day.,partly-cloudy-day,"99999954794,99999954795,E3593,72605504743,KPSM,KDAW,72605654791"
kittery,2024-07-07,33.9,23,27.4,35.2,23,28.1,20.5,68.8,0.01,100,4.17,rain,0,0,27,15.1,254.1,1013.9,62.4,16,280.5,24.4,9,,2024-07-07T05:11:27,2024-07-07T20:24:21,0.06,"Rain, Partially cloudy",Partly cloudy throughout the day with early morning rain.,rain,"99999954794,99999954795,E3593,72605504743,KPSM,KDAW,72605654791"
kittery,2024-07-08,30.9,19.9,25.6,33.2,19.9,26.5,19.4,70.5,0,0,0,,0,0,27.4,16.5,141.4,1015.9,38.6,16,328.6,28.2,9,,2024-07-08T05:12:09,2024-07-08T20:23:55,0.09,Partially cloudy,Becoming cloudy in the afternoon.,partly-cloudy-day,"99999954794,99999954795,E3593,72605504743,KPSM,KDAW,72605654791"
kittery,2024-07-09,34.4,20.8,27,36.9,20.8,28.2,21,72.3,10.279,100,12.5,rain,0,0,42.5,20.7,227.6,1013.1,77.4,15.8,246.3,21.3,10,,2024-07-09T05:12:53,2024-07-09T20:23:28,0.12,"Rain, Partially cloudy",Partly cloudy throughout the day with late afternoon rain.,rain,"99999954794,99999954795,E3593,72605504743,KPSM,KDAW,72605654791"
kittery,2024-07-10,33.1,23.4,28.1,39.4,23.4,30.8,22.5,73,0,0,0,,0,0,43.6,19.9,183.5,1010.3,86.3,16,274.4,23.6,8,,2024-07-10T05:13:38,2024-07-10T20:22:58,0.15,Partially cloudy,Partly cloudy throughout the day.,partly-cloudy-day,"99999954794,99999954795,E3593,72605504743,KPSM,KDAW,72605654791"
kittery,2024-07-11,33.5,25.1,28.6,37.9,25.1,30.3,21.3,65.9,0,0,0,,0,0,48.6,22.1,210.6,1010.7,76.7,16,248.2,21.5,10,,2024-07-11T05:14:24,2024-07-11T20:22:27,0.18,Partially cloudy,Partly cloudy throughout the day.,partly-cloudy-day,"99999954794,99999954795,E3593,72605504743,KPSM,KDAW,72605654791"
kittery,2024-07-12,32.5,22.3,27.8,34.8,22.3,29.2,20.4,65.4,0,0,0,,0,0,36.4,18.6,218.8,1019.2,45.5,16,311.8,27,10,,2024-07-12T05:15:12,2024-07-12T20:21:53,0.22,Partially cloudy,Partly cloudy throughout the day.,partly-cloudy-day,"99999954794,99999954795,E3593,72605504743,KPSM,KDAW,72605654791"
kittery,2024-07-13,31.6,22.2,26.1,35,22.2,27.4,22.2,80.2,14.071,100,29.17,rain,0,0,36,15.2,204.2,1019,75.9,13.8,232.5,19.9,10,,2024-07-13T05:16:01,2024-07-13T20:21:17,0.25,"Rain, Partially cloudy",Partly cloudy throughout the day with rain.,rain,"99999954794,99999954795,E3593,72605504743,KPSM,KDAW,72605654791"
kittery,2024-07-14,31.5,19.6,25.1,32.1,19.6,25.5,18.7,70.5,0,0,0,,0,0,30.2,14.6,209.4,1014.9,22.2,16,308.1,26.6,9,,2024-07-14T05:16:51,2024-07-14T20:20:39,0.28,Partially cloudy,Partly cloudy throughout the day.,partly-cloudy-day,"99999954794,99999954795,E3593,72605504743,KPSM,KDAW,72605654791"
kittery,2024-07-15,33.9,19.9,26.8,36.7,19.9,28.3,20.2,68.7,4.579,100,4.17,rain,0,0,33.8,15.4,223,1009.7,73.1,15.7,263.1,22.9,9,,2024-07-15T05:17:42,2024-07-15T20:19:59,0.31,"Rain, Partially cloudy",Partly cloudy throughout the day with afternoon rain.,rain,"99999954794,99999954795,E3593,72605504743,KPSM,KDAW,72605654791"
kittery,2024-07-16,34.6,23.4,28.5,37.8,23.4,29.7,21,66.6,10.155,100,8.33,rain,0,0,59.8,35.8,237.5,1006.2,72.7,15.2,306,26.3,9,,2024-07-16T05:18:34,2024-07-16T20:19:17,0.35,"Rain, Partially cloudy",Partly cloudy throughout the day with late afternoon rain.,rain,"99999954794,99999954795,E3593,72605504743,KPSM,KDAW,72605654791"
kittery,2024-07-17,33.2,22.3,26.5,35.9,22.3,27.5,21,73.8,6.474,100,12.5,rain,0,0,53.3,20.2,217.8,1008.1,74.5,15.6,287.3,24.7,9,,2024-07-17T05:19:27,2024-07-17T20:18:32,0.38,"Rain, Partially cloudy",Partly cloudy throughout the day with late afternoon rain.,rain,"99999954794,99999954795,E3593,72605504743,KPSM,KDAW,72605654791"
kittery,2024-07-18,30.9,21.6,26,30.8,21.6,26.1,18.4,66.9,0.117,100,4.17,rain,0,0,35.3,20.6,275.1,1009.6,81.8,16,269.1,23.3,9,,2024-07-18T05:20:20,2024-07-18T20:17:46,0.41,"Rain, Partially cloudy",Partly cloudy throughout the day with early morning rain.,rain,"99999954794,99999954795,E3593,72605504743,KPSM,KDAW,72605654791"
kittery,2024-07-19,27.7,16.8,22.3,27.5,16.8,22.3,13.3,58.1,0,0,0,,0,0,31.7,20.7,239.3,1017,29.2,16,328.7,28.3,9,,2024-07-19T05:21:15,2024-07-19T20:16:58,0.44,Partially cloudy,Partly cloudy throughout the day.,partly-cloudy-day,"99999954794,99999954795,E3593,72605504743,KPSM,KDAW,72605654791"
kittery,2024-07-20,29.7,16.2,23.9,29.1,16.2,23.9,15,60.2,0,0,0,,0,0,34.6,15.2,242.3,1017,72.2,16,293.7,25.3,10,,2024-07-20T05:22:11,2024-07-20T20:16:08,0.48,Partially cloudy,Partly cloudy throughout the day.,partly-cloudy-day,"99999954794,99999954795,E3593,72605504743,KPSM,KDAW,72605654791"
kittery,2024-07-21,27.7,18.7,23.5,28.1,18.7,23.6,16.9,67.8,0,0,0,,0,0,33.8,17,220.5,1015.2,69.6,16,256.1,22.1,9,,2024-07-21T05:23:08,2024-07-21T20:15:16,0.5,Partially cloudy,Partly cloudy throughout the day.,partly-cloudy-day,"99999954794,99999954795,E3593,72605504743,KPSM,KDAW,72605654791"
kittery,2024-07-22,27.9,16.3,22.3,28.2,16.3,22.3,16,69.9,0,0,0,,0,0,34.2,18.9,148.7,1018,77.8,16,290.9,25.1,9,,2024-07-22T05:24:05,2024-07-22T20:14:22,0.54,Partially cloudy,Partly cloudy throughout the day.,partly-cloudy-day,"99999954794,99999954795,E3593,72605504743,KPSM,KDAW,72605654791"
kittery,2024-07-23,24.5,20.3,22.6,24.5,20.3,22.6,19.1,80.8,0.686,100,45.83,rain,0,0,26.6,13.5,144.3,1017.8,98.5,15.9,107,9.2,4,,2024-07-23T05:25:03,2024-07-23T20:13:26,0.58,"Rain, Overcast",Cloudy skies throughout the day with rain.,rain,"99999954794,99999954795,E3593,72605504743,KPSM,KDAW,72605654791"
kittery,2024-07-24,22.2,19.1,20.5,22.2,19.1,20.5,17.7,84.4,0,0,0,,0,0,28.8,18.7,123.4,1021.7,99,14,105.8,9.2,3,,2024-07-24T05:26:01,2024-07-24T20:12:29,0.62,Overcast,Cloudy skies throughout the day.,cloudy,"99999954794,99999954795,E3593,72605504743,KPSM,KDAW,72605654791"
kittery,2024-07-25,27.9,19.1,22.5,28.8,19.1,22.7,18.2,79,1.338,100,12.5,rain,0,0,37.4,14.5,224.3,1015.4,93.8,9,139.1,12,5,,2024-07-25T05:27:01,2024-07-25T20:11:29,0.65,"Rain, Overcast",Cloudy skies throughout the day with rain.,rain,"99999954794,99999954795,E3593,72605504743,KPSM,KDAW,72605654791"
kittery,2024-07-26,29.6,17.4,23.3,28.6,17.4,23.1,13,54.6,0,0,0,,0,0,42.5,21.9,298.3,1015.4,42.1,16,323,28,9,,2024-07-26T05:28:01,2024-07-26T20:10:28,0.69,Partially cloudy,Becoming cloudy in the afternoon.,partly-cloudy-day,"99999954794,99999954795,E3593,72605504743,KPSM,KDAW,72605654791"
kittery,2024-07-27,28.7,15.2,22.2,28.4,15.2,22.2,14.4,63.9,0,0,0,,0,0,25.6,13.8,154.6,1019.2,17.1,12.9,299.7,25.9,9,,2024-07-27T05:29:01,2024-07-27T20:09:25,0.75,Clear,Clear conditions throughout the day.,clear-day,"99999954794,99999954795,E3593,72605504743,KPSM,KDAW,72605654791"
kittery,2024-07-28,27.9,15.4,21.9,28,15.4,21.9,15.2,68.4,0,0,0,,0,0,29.2,18.5,129.3,1019.9,47.4,13.2,257.1,22.2,9,,2024-07-28T05:30:02,2024-07-28T20:08:21,0.76,Partially cloudy,Becoming cloudy in the afternoon.,partly-cloudy-day,"99999954794,99999954795,E3593,72605504743,KPSM,KDAW,72605654791"
kittery,2024-07-29,20.7,18.4,19.9,20.7,18.4,19.9,16.7,82.3,2.323,100,37.5,rain,0,0,31.7,19.3,56.5,1015.1,97.4,11.7,116.7,10.2,6,,2024-07-29T05:31:04,2024-07-29T20:07:14,0.79,"Rain, Overcast",Cloudy skies throughout the day with rain.,rain,"99999954794,99999954795,E3593,72605504743,KPSM,KDAW,72605654791"
kittery,2024-07-30,31.9,18.7,25.4,35.6,18.7,26.6,19.9,73.7,0.312,100,16.67,rain,0,0,41.8,18.4,186.8,1014.3,87.6,14.5,196.9,17,9,,2024-07-30T05:32:06,2024-07-30T20:06:06,0.83,"Rain, Partially cloudy",Partly cloudy throughout the day with rain clearing later.,rain,"99999954794,99999954795,E3593,72605504743,KPSM,KDAW,72605654791"
kittery,2024-07-31,28.6,21.1,24.4,31.8,21.1,25,21.2,82.8,9.394,100,16.67,rain,0,0,44.6,23.1,149.7,1012.8,85.5,15,169.1,14.6,7,,2024-07-31T05:33:08,2024-07-31T20:04:57,0.86,"Rain, Partially cloudy",Partly cloudy throughout the day with rain in the morning and afternoon.,rain,"99999954794,99999954795,E3593,72605504743,KPSM,KDAW,72605654791"
kittery,2024-08-01,33.9,22.9,27.9,36.2,22.9,29.2,21,69.2,0,0,0,,0,0,33.5,16.8,272.2,1010.5,67,15.2,255.2,22,9,,2024-08-01T05:34:11,2024-08-01T20:03:46,0.9,Partially cloudy,Partly cloudy throughout the day.,partly-cloudy-day,"99999954794,99999954795,E3593,72605504743,KPSM,KDAW,72605654791"
kittery,2024-08-02,31.7,21.7,26.6,34.8,21.7,27.8,20.9,72.4,0.017,100,4.17,rain,0,0,37.1,16.6,185.2,1011.7,62.9,16,260.6,22.5,8,,2024-08-02T05:35:14,2024-08-02T20:02:33,0.94,"Rain, Partially cloudy",Partly cloudy throughout the day with late afternoon rain.,rain,"99999954794,99999954795,E3593,72605504743,KPSM,KDAW,72605654791"
kittery,2024-08-03,30.6,22.9,25.5,33.6,22.9,26.5,22,81.5,5.655,100,25,rain,0,0,35.3,12.8,91,1008.7,91,13,177.9,15.3,8,,2024-08-03T05:36:18,2024-08-03T20:01:19,0.97,"Rain, Overcast",Cloudy skies throughout the day with rain clearing later.,rain,"99999954794,99999954795,E3593,72605504743,KPSM,KDAW,72605654791"
kittery,2024-08-04,28.1,21.4,24.3,31.4,21.4,24.6,21.7,85.8,5.091,100,33.33,rain,0,0,29.5,13.7,242.6,1010.8,90.9,12.3,121.9,10.6,6,,2024-08-04T05:37:21,2024-08-04T20:00:03,0,"Rain, Overcast",Cloudy skies throughout the day with rain.,rain,"99999954794,99999954795,E3593,72605504743,KPSM,KDAW,72605654791"
kittery,2024-08-05,31,20.3,24.7,31.5,20.3,24.9,19.1,73.6,0,0,0,,0,0,30.6,16.1,234.9,1013.5,46.9,16,273,23.8,9,,2024-08-05T05:38:25,2024-08-05T19:58:46,0.04,Partially cloudy,Becoming cloudy in the afternoon.,partly-cloudy-day,"99999954794,99999954795,E3593,72605504743,KPSM,KDAW,72605654791"
kittery,2024-08-06,23.7,17.9,20.1,23.7,17.9,20.1,17.2,83.8,6.357,100,45.83,rain,0,0,30.6,16.4,56.4,1015.1,98.2,14.3,83.2,7.3,4,,2024-08-06T05:39:30,2024-08-06T19:57:27,0.07,"Rain, Overcast",Cloudy skies throughout the day with rain.,rain,"99999954794,99999954795,E3593,E7343,72605504743,KPSM,KDAW,72605654791"
kittery,2024-08-07,23.4,15.5,18.9,23.4,15.5,18.9,14.5,77.3,10.199,100,33.33,rain,0,0,21.6,13.5,119.7,1017.4,64.1,14.7,286.5,24.7,9,,2024-08-07T05:40:34,2024-08-07T19:56:07,0.1,"Rain, Partially cloudy",Partly cloudy throughout the day with rain clearing later.,rain,"99999954794,99999954795,E3593,72605504743,KPSM,KDAW,72605654791"
kittery,2024-08-08,23.8,13.4,18.8,23.8,13.4,18.8,14.7,78.9,6.061,100,20.83,rain,0,0,29.5,17.3,126.9,1021.5,58,13.3,247.6,21.4,9,,2024-08-08T05:41:39,2024-08-08T19:54:46,0.14,"Rain, Partially cloudy",Becoming cloudy in the afternoon with late afternoon rain.,rain,"99999954794,99999954795,E3593,72605504743,KPSM,KDAW,72605654791"
kittery,2024-08-09,26.3,17.7,22.1,26.3,17.7,22.1,20.2,89.3,6.781,100,62.5,rain,0,0,65.5,25.1,123.7,1015.8,97.7,8.3,103.3,8.9,5,,2024-08-09T05:42:44,2024-08-09T19:53:24,0.17,"Rain, Overcast",Cloudy skies throughout the day with rain.,rain,"99999954794,99999954795,E3593,72605504743,KPSM,KDAW,72605654791"
kittery,2024-08-10,31.2,21.9,26.4,31.7,21.9,26.8,19.5,69.1,4.596,100,29.17,rain,0,0,57.2,19.7,236.9,1009.6,58.2,14.2,272.1,23.4,10,,2024-08-10T05:43:49,2024-08-10T19:52:00,0.2,"Rain, Partially cloudy",Clearing in the afternoon with rain clearing later.,rain,"99999954794,99999954795,E3593,72605504743,KPSM,KDAW,72605654791"
kittery,2024-08-11,27.8,17.5,23.1,27.6,17.5,23.1,13.8,57.3,0,0,0,,0,0,30.4,20.4,249.1,1013.3,59.2,16,281.1,24.4,10,,2024-08-11T05:44:54,2024-08-11T19:50:35,0.24,Partially cloudy,Partly cloudy throughout the day.,partly-cloudy-day,"99999954794,99999954795,E3593,72605504743,KPSM,KDAW,72605654791"
kittery,2024-08-12,24.8,16.6,20.6,24.8,16.6,20.6,14.2,67.8,0.055,100,12.5,rain,0,0,30.2,18.4,259.4,1012.4,58.7,16,253,22,9,,2024-08-12T05:45:59,2024-08-12T19:49:08,0.25,"Rain, Partially cloudy",Partly cloudy throughout the day with rain.,rain,"99999954794,99999954795,E3593,72605504743,KPSM,KDAW,72605654791"
kittery,2024-08-13,27.3,16,21.5,27.4,16,21.5,14.7,67.3,0,0,0,,0,0,29.5,12.3,277.4,1013.5,34.2,16,255,22.1,8,,2024-08-13T05:47:05,2024-08-13T19:47:41,0.3,Partially cloudy,Becoming cloudy in the afternoon.,partly-cloudy-day,"99999954794,99999954795,E3593,72605504743,KPSM,KDAW,72605654791"
kittery,2024-08-14,28.5,16.3,21.5,28.4,16.3,21.6,15.8,71.9,0,0,0,,0,0,20.2,13.5,287.2,1016.1,21.9,16,233.5,20.3,7,,2024-08-14T05:48:10,2024-08-14T19:46:12,0.33,Partially cloudy,Partly cloudy throughout the day.,partly-cloudy-day,"99999954794,99999954795,E3593,72605504743,KPSM,KDAW,72605654791"
kittery,2024-08-15,23.4,17.5,19.3,23.4,17.5,19.3,17.2,88.2,7.796,100,16.67,rain,0,0,29.9,18.9,61.7,1016.8,82.5,9.9,105.9,9.2,4,,2024-08-15T05:49:16,2024-08-15T19:44:42,0.37,"Rain, Partially cloudy",Partly cloudy throughout the day with afternoon rain.,rain,"99999954794,99999954795,E3593,72605504743,KPSM,KDAW,72605654791"
kittery,2024-08-16,22.8,16.4,19.3,22.8,16.4,19.3,17.1,88,0,0,0,,0,0,25.6,13.5,103.9,1018.2,79.8,7.4,198.4,17.3,7,,2024-08-16T05:50:21,2024-08-16T19:43:11,0.4,Partially cloudy,Partly cloudy throughout the day.,partly-cloudy-day,"99999954794,99999954795,E3593,72605504743,KPSM,KDAW,72605654791"
kittery,2024-08-17,23.5,15.9,19.3,23.5,15.9,19.3,16.5,84.6,0,0,0,,0,0,32,19,134.9,1017.9,90,7.8,212.7,18.2,8,,2024-08-17T05:51:27,2024-08-17T19:41:40,0.43,Partially cloudy,Partly cloudy throughout the day.,partly-cloudy-day,"99999954794,99999954795,E3593,72605504743,KPSM,KDAW,72605654791"
kittery,2024-08-18,22,18.4,19.9,22,18.4,19.9,17.5,86.5,2.736,100,12.5,rain,0,0,26.3,13.2,112.8,1014.3,99.4,9.9,99.6,8.9,5,,2024-08-18T05:52:33,2024-08-18T19:40:07,0.46,"Rain, Overcast",Cloudy skies throughout the day with morning rain.,rain,"99999954794,99999954795,E3593,72605504743,KPSM,KDAW,72605654791"
kittery,2024-08-19,24.3,19.1,21.5,24.3,19.1,21.5,19.6,89,10.894,100,29.17,rain,0,0,31.3,15.1,130.7,1006.3,94.7,8.8,119.9,10.4,5,,2024-08-19T05:53:38,2024-08-19T19:38:33,0.5,"Rain, Overcast",Cloudy skies throughout the day with rain.,rain,"99999954794,99999954795,E3593,72605504743,KPSM,KDAW,72605654791"
kittery,2024-08-20,21.7,15.5,18,21.7,15.5,18,13.7,77,0.313,100,4.17,rain,0,0,37.1,16.5,282.5,1007.7,92.7,16,128.6,11.2,6,,2024-08-20T05:54:44,2024-08-20T19:36:58,0.53,"Rain, Overcast",Cloudy skies throughout the day with morning rain.,rain,"99999954794,99999954795,E3593,72605504743,KPSM,KDAW,72605654791"
kittery,2024-08-21,22.9,13.9,18,22.9,13.9,18,13,74.1,0.033,100,4.17,rain,0,0,28.1,13.6,256.7,1013.4,80.8,16,210.3,18.1,9,,2024-08-21T05:55:50,2024-08-21T19:35:22,0.57,"Rain, Partially cloudy",Partly cloudy throughout the day with afternoon rain.,rain,"99999954794,99999954795,E3593,72605504743,KPSM,KDAW,72605654791"
kittery,2024-08-22,23.9,12.2,18.1,23.9,12.2,18.1,12.3,71,0,0,0,,0,0,28.4,20,258.1,1018,42.9,16,231.5,19.9,9,,2024-08-22T05:56:55,2024-08-22T19:33:46,0.6,Partially cloudy,Partly cloudy throughout the day.,partly-cloudy-day,"99999954794,99999954795,E3593,72605504743,KPSM,KDAW,72605654791"
kittery,2024-08-23,27.4,13.4,20.2,27.2,13.4,20.1,13.3,67.9,0,0,0,,0,0,29.5,16.9,266.7,1022.4,29.8,16,269.7,23.1,8,,2024-08-23T05:58:01,2024-08-23T19:32:08,0.64,Partially cloudy,Partly cloudy throughout the day.,partly-cloudy-day,"99999954794,99999954795,E3593,72605504743,KPSM,KDAW,72605654791"
kittery,2024-08-24,28.2,14.6,20.7,27.6,14.6,20.6,14.2,69.7,0,0,0,,0,0,18,12.7,236.5,1022.8,38,16,264.3,22.9,8,,2024-08-24T05:59:07,2024-08-24T19:30:30,0.67,Partially cloudy,Partly cloudy throughout the day.,partly-cloudy-day,"99999954794,99999954795,E3593,72605504743,KPSM,KDAW,72605654791"
kittery,2024-08-25,27.7,16,21.5,27.9,16,21.6,16.2,73.4,0.015,100,4.17,rain,0,0,18.7,13.4,135.5,1022.5,63.3,16,209.3,18.1,7,,2024-08-25T06:00:12,2024-08-25T19:28:51,0.71,"Rain, Partially cloudy",Partly cloudy throughout the day with late afternoon rain.,rain,"99999954794,99999954795,E3593,72605504743,KPSM,KDAW,72605654791"
kittery,2024-08-26,25.2,16.9,20.7,25.2,16.9,20.7,17.2,81.9,2.851,100,25,rain,0,0,31.7,11.9,124.9,1020.6,66.7,14,200.9,17.2,8,,2024-08-26T06:01:18,2024-08-26T19:27:11,0.75,"Rain, Partially cloudy",Partly cloudy throughout the day with rain.,rain,"99999954794,99999954795,E3593,72605504743,KPSM,KDAW,72605654791"
kittery,2024-08-27,26.3,16.2,20.5,26.3,16.2,20.5,17.5,84.2,0,0,0,,0,0,26.3,13.4,143.5,1018,67.1,9.2,206.8,17.8,8,,2024-08-27T06:02:24,2024-08-27T19:25:31,0.78,Partially cloudy,Partly cloudy throughout the day.,partly-cloudy-day,"99999954794,99999954795,E3593,72605504743,KPSM,KDAW,72605654791"
kittery,2024-08-28,32.1,18.6,24.3,34.2,18.6,24.8,17.1,66,0,0,0,,0,0,48.1,27.2,281.8,1012.4,50,15.9,219,18.9,8,,2024-08-28T06:03:29,2024-08-28T19:23:50,0.81,Partially cloudy,Partly cloudy throughout the day.,partly-cloudy-day,"99999954794,99999954795,E3593,72605504743,KPSM,KDAW,72605654791"
kittery,2024-08-29,21.6,13,18.1,21.6,13,18.1,10.4,62.1,0,0,0,,0,0,31,13.8,62.5,1024.4,48.3,16,261.9,22.6,8,,2024-08-29T06:04:35,2024-08-29T19:22:08,0.85,Partially cloudy,Partly cloudy throughout the day.,partly-cloudy-day,"99999954794,99999954795,E3593,72605504743,KPSM,KDAW,72605654791"
kittery,2024-08-30,22.2,10.7,16.6,22.2,10.7,16.6,11.8,75.2,0,0,0,,0,0,29.9,16.9,108.2,1026.8,26.4,16,264.1,22.8,8,,2024-08-30T06:05:40,2024-08-30T19:20:25,0.88,Partially cloudy,Partly cloudy throughout the day.,partly-cloudy-day,"99999954794,99999954795,E3593,72605504743,KPSM,KDAW,72605654791"
kittery,2024-08-31,25.2,13.4,19.5,25.2,13.4,19.5,15.7,80.2,0,0,0,,0,0,34.6,21.2,153.8,1019.3,77.8,15.4,189.4,16.5,9,,2024-08-31T06:06:46,2024-08-31T19:18:42,0.92,Partially cloudy,Partly cloudy throughout the day.,partly-cloudy-day,"99999954794,99999954795,E3593,72605504743,KPSM,KDAW,72605654791"
kittery,2024-09-01,30.4,20.4,24.6,31.9,20.4,25.1,19.7,75.9,0.274,100,12.5,rain,0,0,34.9,15.6,211.4,1009.9,71.6,15.2,230.8,20,9,,2024-09-01T06:07:51,2024-09-01T19:16:59,0.95,"Rain, Partially cloudy",Partly cloudy throughout the day with early morning rain.,rain,"99999954794,99999954795,E3593,72605504743,KPSM,KDAW,72605654791"
kittery,2024-09-02,24.8,14.9,20.7,24.8,14.9,20.7,11.1,57.3,0,0,0,,0,0,40.7,25,315.4,1014.1,40.3,16,247.3,21.3,8,,2024-09-02T06:08:56,2024-09-02T19:15:15,0,Partially cloudy,Partly cloudy throughout the day.,partly-cloudy-day,"99999954794,99999954795,E3593,72605504743,KPSM,KDAW,72605654791"
kittery,2024-09-03,23.3,10.7,16.8,23.3,10.7,16.8,6.5,54.2,0,0,0,,0,0,41,15.5,283.4,1024.2,2.2,16,254.4,22,8,,2024-09-03T06:10:02,2024-09-03T19:13:30,0.02,Clear,Clear conditions throughout the day.,clear-day,"99999954794,99999954795,E3593,72605504743,KPSM,KDAW,72605654791"
kittery,2024-09-04,27.2,10,18.8,26.6,10,18.8,10.2,60.9,0,0,0,,0,0,25.9,16.3,193.9,1029.4,2.2,16,242.6,21.1,8,,2024-09-04T06:11:07,2024-09-04T19:11:45,0.05,Clear,Clear conditions throughout the day.,clear-day,"99999954794,99999954795,E3593,72605504743,KPSM,KDAW,72605654791"
kittery,2024-09-05,25.9,11.4,18.2,25.9,11.4,18.2,11.2,67.3,0,0,0,,0,0,33.5,19.1,149.4,1029.1,13,15.9,243.6,21,8,,2024-09-05T06:12:13,2024-09-05T19:09:59,0.09,Clear,Clear conditions throughout the day.,clear-day,"99999954794,99999954795,E3593,72605504743,KPSM,KDAW,72605654791"
kittery,2024-09-06,21.7,12.5,17.1,21.7,12.5,17.1,14.7,86.4,0,0,0,,0,0,33.5,16.8,32.5,1021.7,82.1,14.2,84.1,7.2,3,,2024-09-06T06:13:18,2024-09-06T19:08:13,0.12,Partially cloudy,Partly cloudy throughout the day.,partly-cloudy-day,"99999954794,99999954795,E3593,72605504743,KPSM,KDAW,72605654791"
kittery,2024-09-07,24.1,14.4,19,24.1,14.4,19,14.8,77.6,0.045,100,8.33,rain,0,0,45.2,17.2,310.5,1011,77.7,15.6,188.4,16.3,7,,2024-09-07T06:14:23,2024-09-07T19:06:27,0.15,"Rain, Partially cloudy",Partly cloudy throughout the day with late afternoon rain.,rain,"99999954794,99999954795,E3593,72605504743,KPSM,KDAW,72605654791"
kittery,2024-09-08,20.7,12.6,16.3,20.7,12.6,16.3,7.3,58.6,0,0,0,,0,0,38.6,25.5,252.7,1011,28.3,16,231.4,20,8,,2024-09-08T06:15:29,2024-09-08T19:04:40,0.19,Partially cloudy,Becoming cloudy in the afternoon.,partly-cloudy-day,"99999954794,99999954795,E3593,72605504743,KPSM,KDAW,72605654791"
kittery,2024-09-09,24.3,10.5,17.5,24.3,10.5,17.5,6.7,52.6,0,0,0,,0,0,37.8,22.2,252.6,1014.8,27.6,16,241.7,21,8,,2024-09-09T06:16:34,2024-09-09T19:02:54,0.22,Partially cloudy,Partly cloudy throughout the day.,partly-cloudy-day,"99999954794,99999954795,E3593,72605504743,KPSM,KDAW,72605654791"
kittery,2024-09-10,24.8,13.5,18.6,24.8,13.5,18.6,8.4,56.6,0,0,0,,0,0,40.7,23.7,281.4,1016.4,33.4,16,231.3,20.1,8,,2024-09-10T06:17:39,2024-09-10T19:01:06,0.25,Partially cloudy,Partly cloudy throughout the day.,partly-cloudy-day,"99999954794,99999954795,E3593,72605504743,KPSM,KDAW,72605654791"
kittery,2024-09-11,24.9,8.6,16.4,24.9,8.3,16.4,7.2,58.7,0,0,0,,0,0,28.8,18.6,188.6,1021.9,27.7,16,224.9,19.5,7,,2024-09-11T06:18:45,2024-09-11T18:59:19,0.25,Partially cloudy,Becoming cloudy in the afternoon.,partly-cloudy-day,"99999954794,99999954795,E3593,72605504743,KPSM,KDAW,72605654791"
kittery,2024-09-12,27,10.2,18.1,26.8,10.2,18,11.4,68.6,0,0,0,,0,0,30.2,18.2,160.2,1023.4,47.9,16,216.2,18.5,7,,2024-09-12T06:19:50,2024-09-12T18:57:31,0.32,Partially cloudy,Partly cloudy throughout the day.,partly-cloudy-day,"99999954794,99999954795,E3593,72605504743,KPSM,KDAW,72605654791"
kittery,2024-09-13,27.4,14.5,20.2,27.7,14.5,20.2,14.3,70.5,0,0,0,,0,0,23.4,15.1,144.6,1023,45.4,16,210.3,18,7,,2024-09-13T06:20:56,2024-09-13T18:55:43,0.35,Partially cloudy,Partly cloudy throughout the day.,partly-cloudy-day,"99999954794,99999954795,E3593,72605504743,KPSM,KDAW,72605654791"
kittery,2024-09-14,26.5,15.7,19.5,26.5,15.7,19.5,15,77.1,0,0,0,,0,0,31.3,20.5,68.5,1025.1,33.1,16,213.1,18.4,7,,2024-09-14T06:22:01,2024-09-14T18:53:55,0.39,Partially cloudy,Becoming cloudy in the afternoon.,partly-cloudy-day,"99999954794,99999954795,E3593,72605504743,KPSM,KDAW,72605654791"
kittery,2024-09-15,26.1,12.9,18.9,26.1,12.9,18.9,12.9,71.3,0,0,0,,0,0,30.6,16.9,168.2,1028.1,23.1,15.8,213.2,18.3,7,,2024-09-15T06:23:07,2024-09-15T18:52:07,0.42,Partially cloudy,Partly cloudy throughout the day.,partly-cloudy-day,"99999954794,99999954795,E3593,72605504743,KPSM,KDAW,72605654791"
kittery,2024-09-16,27.7,10.9,18.7,27.6,10.9,18.7,11.3,65.8,0,0,0,,0,0,30.2,18.3,173.3,1026.3,0,16,192.9,16.6,7,,2024-09-16T06:24:13,2024-09-16T18:50:18,0.45,Clear,Clear conditions throughout the day.,clear-day,"99999954794,99999954795,E3593,E7343,72605504743,KPSM,KDAW,72605654791"
kittery,2024-09-17,29.6,12.1,19.7,28.8,12.1,19.6,10.9,61,0,0,0,,0,0,24.8,14.8,185.3,1022.8,70,16,183.9,15.9,7,,2024-09-17T06:25:18,2024-09-17T18:48:30,0.5,Partially cloudy,Partly cloudy throughout the day.,partly-cloudy-day,"99999954794,99999954795,E7343,72605504743,RCWM1,KPSM,KDAW,72605654791"
kittery,2024-09-18,27.5,12,18.7,27.3,12,18.7,13.1,72.9,0,0,0,,0,0,21.6,13.6,134.9,1019.2,86.4,16,163.7,14.1,6,,2024-09-18T06:26:24,2024-09-18T18:46:41,0.52,Partially cloudy,Partly cloudy throughout the day.,partly-cloudy-day,"99999954794,99999954795,E7343,72605504743,RCWM1,KPSM,KDAW,72605654791"
kittery,2024-09-19,25.2,15.9,19.8,25.2,15.9,19.8,15.8,80.2,0.034,100,8.33,rain,0,0,35.6,16.9,53.2,1014.2,92.1,12.8,149.7,12.9,7,,2024-09-19T06:27:30,2024-09-19T18:44:53,0.55,"Rain, Overcast",Cloudy skies throughout the day with rain.,rain,"99999954794,99999954795,E7343,72605504743,KPSM,KDAW,72605654791"
kittery,2024-09-20,19.1,15.8,17.5,19.1,15.8,17.5,15.2,86.8,1.085,100,33.33,rain,0,0,44.3,22.2,43.4,1016,99.6,12.2,36.4,3,1,,2024-09-20T06:28:36,2024-09-20T18:43:04,0.59,"Rain, Overcast",Cloudy skies throughout the day with a chance of rain throughout the day.,rain,"99999954794,99999954795,E7343,72605504743,KPSM,KDAW,72605654791"
kittery,2024-09-21,16.3,14.5,15.3,16.3,14.5,15.3,13.1,86.6,4.828,100,75,rain,0,0,42.8,18.4,19.9,1017.5,98.5,14.4,44.4,3.8,2,,2024-09-21T06:29:42,2024-09-21T18:41:16,0.62,"Rain, Overcast",Cloudy skies throughout the day with a chance of rain throughout the day.,rain,"99999954794,99999954795,E7343,72605504743,KPSM,KDAW,72605654791"
kittery,2024-09-22,18.2,12.9,15.1,18.2,12.9,15.1,10.9,76.9,0,0,0,,0,0,43.6,20.8,29.2,1018.3,86.4,16,85.8,7.4,3,,2024-09-22T06:30:49,2024-09-22T18:39:27,0.66,Partially cloudy,Partly cloudy throughout the day.,partly-cloudy-day,"99999954794,99999954795,E7343,72605504743,KPSM,KDAW,72605654791"
kittery,2024-09-23,18.4,11.6,14.9,18.4,11.6,14.9,10.5,75.3,0,0,0,,0,0,32.8,17.1,49.2,1020,84.9,16,92.9,8,4,,2024-09-23T06:31:55,2024-09-23T18:37:39,0.69,Partially cloudy,Partly cloudy throughout the day.,partly-cloudy-day,"99999954794,99999954795,E7343,72605504743,KPSM,KDAW,72605654791"
kittery,2024-09-24,19,10.5,14.5,19,10.5,14.5,10.2,76.7,0,0,0,,0,0,36,17.2,53.4,1022.6,65.8,16,121,10.4,5,,2024-09-24T06:33:02,2024-09-24T18:35:51,0.75,Partially cloudy,Partly cloudy throughout the day.,partly-cloudy-day,"99999954794,99999954795,E7343,72605504743,KPSM,KDAW,72605654791"
kittery,2024-09-25,18,12.6,15.3,18,12.6,15.3,12.4,83.1,0.026,100,4.17,rain,0,0,35.3,18.6,77.5,1023.9,99.5,16,41.9,3.5,1,,2024-09-25T06:34:08,2024-09-25T18:34:03,0.76,"Rain, Overcast",Cloudy skies throughout the day with late afternoon rain.,rain,"99999954794,99999954795,E7343,72605504743,KPSM,KDAW,72605654791"
kittery,2024-09-26,18,14.9,16.3,18,14.9,16.3,15,92,14.036,100,91.67,rain,0,0,41,16.4,139.4,1019.3,100,8.9,19.4,1.7,1,,2024-09-26T06:35:15,2024-09-26T18:32:15,0.79,"Rain, Overcast",Cloudy skies throughout the day with a chance of rain throughout the day.,rain,"99999954794,99999954795,E7343,72605504743,KPSM,KDAW,72605654791"
kittery,2024-09-27,24.9,14.1,18.8,24.9,14.1,18.8,13.7,75.6,0,0,0,,0,0,27.7,16.8,272.4,1015.9,65.7,14,168.4,14.6,7,,2024-09-27T06:36:22,2024-09-27T18:30:27,0.83,Partially cloudy,Partly cloudy throughout the day.,partly-cloudy-day,"99999954794,99999954795,E7343,72605504743,KPSM,KDAW,72605654791"
